num,year,title,director,error
42,1908,After Many Years,D.W. Griffith,TMDB: aucun poster
49,1911,L'Enfer de Dante,Francesco Bertolini,poster trop petit 500x750
219,1967,Bonnie and Clyde,Arthur Penn,poster trop petit 500x750
48,1910,The Unchanging Sea,D.W. Griffith,poster trop petit 500x750
50,1911,The Lonedale Operator,D.W. Griffith,poster trop petit 500x750
54,1912,Richard III,André Calmettes,poster trop petit 500x750
59,1914,Tillie's Punctured Romance,Mack Sennett,poster trop petit 500x750
63,1915,The Tramp,Charles Chaplin,poster trop petit 500x750
65,1916,The Floorwalker,Charles Chaplin,poster trop petit 500x750
69,1917,The Cure,Charles Chaplin,poster trop petit 500x750
70,1918,Shoulder Arms,Charles Chaplin,poster trop petit 500x750
86,1923,Safety Last!,Fred C. Newmeyer,poster trop petit 500x750
87,1923,The Pilgrim,Charles Chaplin,poster trop petit 500x750
98,1927,Le Chanteur de jazz,Alan Crosland,poster trop petit 500x750
106,1930,L'Ange bleu,Josef von Sternberg,poster trop petit 500x750
110,1931,Dracula,Tod Browning,poster trop petit 500x750
124,1936,Les Temps modernes,Charles Chaplin,poster trop petit 500x750
145,1943,Shadow of a Doubt,Alfred Hitchcock,poster trop petit 500x750
159,1947,Shoe Shine,Vittorio De Sica,poster trop petit 500x750
191,1958,Touch of Evil,Orson Welles,poster trop petit 500x750
260,1981,Raiders of the Lost Ark,Steven Spielberg,poster trop petit 500x750
357,2013,La Grande Bellezza,Paolo Sorrentino,poster trop petit 563x750
32,1905,Rescued by Rover,Lewin Fitzhamon,poster trop petit 501x751
97,1927,Metropolis,Fritz Lang,poster trop petit 600x800
149,1944,Laura,Otto Preminger,poster trop petit 547x800
169,1951,Miracolo a Milano,Vittorio De Sica,poster trop petit 599x800
297,1993,Short Cuts,Robert Altman,poster trop petit 591x800
131,1938,Bringing Up Baby,Howard Hawks,poster trop petit 539x808
36,1906,Humorous Phases of Funny Faces,James Stuart Blackton,poster trop petit 550x825
160,1948,Le Voleur de bicyclette,Vittorio De Sica,poster trop petit 567x850
117,1933,42nd Street,Lloyd Bacon,poster trop petit 600x852
12,1898,Rough Sea at Dover,Birt Acres,poster trop petit 500x750
377,2020,Minari,Lee Isaac Chung,poster trop petit 596x894
53,1912,Oliver Twist,Thomas Bentley,poster trop petit 500x750
