list_id,key,query,error
mouvements_peinture,34,Expressionnisme abstrait,429 Client Error: Too many requests (f061ab2) for url: https://upload.wikimedia.org/wikipedia/commons/2/2e/SMITH_CUBI_VI.JPG
departements,98,Martinique logo département,429 Client Error: Too many requests (f061ab2) for url: https://upload.wikimedia.org/wikipedia/commons/thumb/2/27/Flag-of-Martinique.svg/1920px-Flag-of-Martinique.svg.png
litterature,44,Cent ans de solitude Gabriel García Márquez book cover,429 Client Error: Too Many Requests for url: https://fr.wikipedia.org/w/api.php?action=query&list=search&srsearch=Cent+ans+de+solitude+Gabriel+Garc%C3%ADa+M%C3%A1rquez+book+cover&srlimit=5&utf8=1&format=json
litterature,41,Le Seigneur des anneaux J.R.R. Tolkien book cover,429 Client Error: Too Many Requests for url: https://fr.wikipedia.org/w/api.php?action=query&list=search&srsearch=Le+Seigneur+des+anneaux+J.R.R.+Tolkien+book+cover&srlimit=5&utf8=1&format=json
os,58,Clavicule,429 Client Error: Too Many Requests for url: https://fr.wikipedia.org/w/api.php?action=query&list=search&srsearch=Clavicule&srlimit=5&utf8=1&format=json
lunes,43,Sycorax,429 Client Error: Too Many Requests for url: https://fr.wikipedia.org/w/api.php?action=query&list=search&srsearch=Sycorax&srlimit=5&utf8=1&format=json
litterature,35,Le Procès Franz Kafka book cover,429 Client Error: Too Many Requests for url: https://fr.wikipedia.org/w/api.php?action=query&list=search&srsearch=Le+Proc%C3%A8s+Franz+Kafka+book+cover&srlimit=5&utf8=1&format=json
rois_france,30,Hugues Capet portrait,429 Client Error: Too Many Requests for url: https://fr.wikipedia.org/w/api.php?action=query&list=search&srsearch=Hugues+Capet+portrait&srlimit=5&utf8=1&format=json
detroits_monde,18,Mozambique map,429 Client Error: Too Many Requests for url: https://fr.wikipedia.org/w/api.php?action=query&list=search&srsearch=Mozambique+map&srlimit=5&utf8=1&format=json
xxe,31,1930 Gandhi mène la Marche du sel en Inde,429 Client Error: Too Many Requests for url: https://fr.wikipedia.org/w/api.php?action=query&list=search&srsearch=1930+Gandhi+m%C3%A8ne+la+Marche+du+sel+en+Inde&srlimit=5&utf8=1&format=json
detroits_monde,16,Floride map,429 Client Error: Too Many Requests for url: https://fr.wikipedia.org/w/api.php?action=query&list=search&srsearch=Floride+map&srlimit=5&utf8=1&format=json
rois_france,25,Robert Ier portrait,429 Client Error: Too Many Requests for url: https://fr.wikipedia.org/w/api.php?action=query&list=search&srsearch=Robert+Ier+portrait&srlimit=5&utf8=1&format=json
litterature,49,Le Nom de la rose Umberto Eco book cover,429 Client Error: Too Many Requests for url: https://fr.wikipedia.org/w/api.php?action=query&list=search&srsearch=Le+Nom+de+la+rose+Umberto+Eco+book+cover&srlimit=5&utf8=1&format=json
litterature,34,La Nausée Jean-Paul Sartre book cover,429 Client Error: Too Many Requests for url: https://fr.wikipedia.org/w/api.php?action=query&list=search&srsearch=La+Naus%C3%A9e+Jean-Paul+Sartre+book+cover&srlimit=5&utf8=1&format=json
rois_france,13,Thierry IV portrait,429 Client Error: Too Many Requests for url: https://fr.wikipedia.org/w/api.php?action=query&list=search&srsearch=Thierry+IV+portrait&srlimit=5&utf8=1&format=json
litterature,40,Fahrenheit 451 Ray Bradbury book cover,429 Client Error: Too Many Requests for url: https://fr.wikipedia.org/w/api.php?action=query&list=search&srsearch=Fahrenheit+451+Ray+Bradbury+book+cover&srlimit=5&utf8=1&format=json
litterature,4,Les Métamorphoses Ovide book cover,429 Client Error: Too Many Requests for url: https://fr.wikipedia.org/w/api.php?action=query&list=search&srsearch=Les+M%C3%A9tamorphoses+Ovide+book+cover&srlimit=5&utf8=1&format=json
decouvertes_scientifiques,18,Fission nucléaire,429 Client Error: Too Many Requests for url: https://fr.wikipedia.org/w/api.php?action=query&list=search&srsearch=Fission+nucl%C3%A9aire&srlimit=5&utf8=1&format=json
litterature,55,Fondation Isaac Asimov book cover,429 Client Error: Too Many Requests for url: https://fr.wikipedia.org/w/api.php?action=query&list=search&srsearch=Fondation+Isaac+Asimov+book+cover&srlimit=5&utf8=1&format=json
litterature,52,Voyage au bout de la nuit Louis-Ferdinand Céline book cover,429 Client Error: Too Many Requests for url: https://fr.wikipedia.org/w/api.php?action=query&list=search&srsearch=Voyage+au+bout+de+la+nuit+Louis-Ferdinand+C%C3%A9line+book+cover&srlimit=5&utf8=1&format=json
rois_france,11,Dagobert III portrait,429 Client Error: Too Many Requests for url: https://fr.wikipedia.org/w/api.php?action=query&list=search&srsearch=Dagobert+III+portrait&srlimit=5&utf8=1&format=json
rois_france,13,Thierry IV portrait,429 Client Error: Too many requests (f061ab2) for url: https://upload.wikimedia.org/wikipedia/commons/9/97/Henri_IV_portant_la_croix_du_Saint-Esprit_-_Frans_Pourbus_le_Jeune.jpg
rois_france,11,Dagobert III portrait,429 Client Error: Too Many Requests for url: https://en.wikipedia.org/w/api.php?action=query&list=search&srsearch=Dagobert+III+portrait&srlimit=5&utf8=1&format=json
rois_france,22,Charles III le Gros portrait,429 Client Error: Too Many Requests for url: https://fr.wikipedia.org/w/api.php?action=query&list=search&srsearch=Charles+III+le+Gros+portrait&srlimit=5&utf8=1&format=json
rois_france,3,Chilpéric Ier portrait,429 Client Error: Too Many Requests for url: https://fr.wikipedia.org/w/api.php?action=query&list=search&srsearch=Chilp%C3%A9ric+Ier+portrait&srlimit=5&utf8=1&format=json
chefs_etat,19,Jean Casimir-Perier portrait,429 Client Error: Too Many Requests for url: https://fr.wikipedia.org/w/api.php?action=query&list=search&srsearch=Jean+Casimir-Perier+portrait&srlimit=5&utf8=1&format=json
rois_france,45,Philippe VI de Valois portrait,429 Client Error: Too Many Requests for url: https://fr.wikipedia.org/w/api.php?action=query&list=search&srsearch=Philippe+VI+de+Valois+portrait&srlimit=5&utf8=1&format=json
philosophes,40,Michel Foucault portrait,429 Client Error: Too Many Requests for url: https://fr.wikipedia.org/w/api.php?action=query&list=search&srsearch=Michel+Foucault+portrait&srlimit=5&utf8=1&format=json
philosophes,34,Martin Heidegger portrait,429 Client Error: Too Many Requests for url: https://fr.wikipedia.org/w/api.php?action=query&list=search&srsearch=Martin+Heidegger+portrait&srlimit=5&utf8=1&format=json
rois_france,12,Chilpéric II portrait,429 Client Error: Too Many Requests for url: https://fr.wikipedia.org/w/api.php?action=query&list=search&srsearch=Chilp%C3%A9ric+II+portrait&srlimit=5&utf8=1&format=json
rois_france,2,Clotaire Ier portrait,429 Client Error: Too Many Requests for url: https://fr.wikipedia.org/w/api.php?action=query&list=search&srsearch=Clotaire+Ier+portrait&srlimit=5&utf8=1&format=json
chefs_etat,28,Albert Lebrun portrait,429 Client Error: Too Many Requests for url: https://fr.wikipedia.org/w/api.php?action=query&list=search&srsearch=Albert+Lebrun+portrait&srlimit=5&utf8=1&format=json
rois_france,44,Charles IV le Bel portrait,429 Client Error: Too Many Requests for url: https://fr.wikipedia.org/w/api.php?action=query&list=search&srsearch=Charles+IV+le+Bel+portrait&srlimit=5&utf8=1&format=json
rois_france,10,Childebert III portrait,429 Client Error: Too Many Requests for url: https://fr.wikipedia.org/w/api.php?action=query&list=search&srsearch=Childebert+III+portrait&srlimit=5&utf8=1&format=json
rois_france,31,Robert II le Pieux portrait,429 Client Error: Too Many Requests for url: https://fr.wikipedia.org/w/api.php?action=query&list=search&srsearch=Robert+II+le+Pieux+portrait&srlimit=5&utf8=1&format=json
architectes_majeurs,20,Frank Gehry Musée Guggenheim de Bilbao,429 Client Error: Too Many Requests for url: https://fr.wikipedia.org/w/api.php?action=query&list=search&srsearch=Frank+Gehry+Mus%C3%A9e+Guggenheim+de+Bilbao&srlimit=5&utf8=1&format=json
rois_france,4,Clotaire II portrait,429 Client Error: Too Many Requests for url: https://fr.wikipedia.org/w/api.php?action=query&list=search&srsearch=Clotaire+II+portrait&srlimit=5&utf8=1&format=json
f1_champions,60,Jenson Button portrait,429 Client Error: Too Many Requests for url: https://fr.wikipedia.org/w/api.php?action=query&list=search&srsearch=Jenson+Button+portrait&srlimit=5&utf8=1&format=json
rois_france,50,Louis XI portrait,429 Client Error: Too Many Requests for url: https://fr.wikipedia.org/w/api.php?action=query&list=search&srsearch=Louis+XI+portrait&srlimit=5&utf8=1&format=json
rois_france,67,Napoléon III portrait,429 Client Error: Too Many Requests for url: https://fr.wikipedia.org/w/api.php?action=query&list=search&srsearch=Napol%C3%A9on+III+portrait&srlimit=5&utf8=1&format=json
rois_france,52,Louis XII portrait,429 Client Error: Too Many Requests for url: https://fr.wikipedia.org/w/api.php?action=query&list=search&srsearch=Louis+XII+portrait&srlimit=5&utf8=1&format=json
rois_france,23,Eudes Ier portrait,429 Client Error: Too Many Requests for url: https://fr.wikipedia.org/w/api.php?action=query&list=search&srsearch=Eudes+Ier+portrait&srlimit=5&utf8=1&format=json
rois_france,35,Louis VII le Jeune portrait,429 Client Error: Too Many Requests for url: https://fr.wikipedia.org/w/api.php?action=query&list=search&srsearch=Louis+VII+le+Jeune+portrait&srlimit=5&utf8=1&format=json
rois_france,34,Louis VI le Gros portrait,429 Client Error: Too Many Requests for url: https://fr.wikipedia.org/w/api.php?action=query&list=search&srsearch=Louis+VI+le+Gros+portrait&srlimit=5&utf8=1&format=json
f1_champions,16,Jim Clark portrait,429 Client Error: Too Many Requests for url: https://fr.wikipedia.org/w/api.php?action=query&list=search&srsearch=Jim+Clark+portrait&srlimit=5&utf8=1&format=json
chefs_etat,26,Gaston Doumergue portrait,429 Client Error: Too Many Requests for url: https://fr.wikipedia.org/w/api.php?action=query&list=search&srsearch=Gaston+Doumergue+portrait&srlimit=5&utf8=1&format=json
chefs_etat,34,Vincent Auriol portrait,429 Client Error: Too Many Requests for url: https://fr.wikipedia.org/w/api.php?action=query&list=search&srsearch=Vincent+Auriol+portrait&srlimit=5&utf8=1&format=json
rois_france,43,Philippe V le Long portrait,429 Client Error: Too Many Requests (015d12c) for url: https://upload.wikimedia.org/wikipedia/commons/b/b8/Felipe_V_de_Espa%C3%B1a%2C_Rey_de.jpg
f1_champions,9,Mike Hawthorn portrait,source trop petite: 217x308
chefs_etat,37,Georges Pompidou portrait,429 Client Error: Too Many Requests for url: https://en.wikipedia.org/w/api.php?action=query&list=search&srsearch=Georges+Pompidou+portrait&srlimit=5&utf8=1&format=json
f1_champions,39,Ayrton Senna portrait,429 Client Error: Too Many Requests for url: https://fr.wikipedia.org/w/api.php?action=query&list=search&srsearch=Ayrton+Senna+portrait&srlimit=5&utf8=1&format=json
f1_champions,41,Ayrton Senna portrait,429 Client Error: Too Many Requests for url: https://fr.wikipedia.org/w/api.php?action=query&list=search&srsearch=Ayrton+Senna+portrait&srlimit=5&utf8=1&format=json
f1_champions,42,Ayrton Senna portrait,429 Client Error: Too Many Requests for url: https://fr.wikipedia.org/w/api.php?action=query&list=search&srsearch=Ayrton+Senna+portrait&srlimit=5&utf8=1&format=json
chefs_etat,41,Nicolas Sarkozy portrait,429 Client Error: Too Many Requests for url: https://fr.wikipedia.org/w/api.php?action=query&list=search&srsearch=Nicolas+Sarkozy+portrait&srlimit=5&utf8=1&format=json
rois_france,29,Louis V portrait,429 Client Error: Too Many Requests for url: https://fr.wikipedia.org/w/api.php?action=query&list=search&srsearch=Louis+V+portrait&srlimit=5&utf8=1&format=json
philosophes,8,Saint Augustin portrait,429 Client Error: Too Many Requests for url: https://fr.wikipedia.org/w/api.php?action=query&list=search&srsearch=Saint+Augustin+portrait&srlimit=5&utf8=1&format=json
architectes_majeurs,14,Walter Gropius Bauhaus de Dessau,429 Client Error: Too Many Requests for url: https://fr.wikipedia.org/w/api.php?action=query&list=search&srsearch=Walter+Gropius+Bauhaus+de+Dessau&srlimit=5&utf8=1&format=json
architectes_majeurs,27,Dominique Perrault Bibliothèque nationale de France,429 Client Error: Too Many Requests for url: https://fr.wikipedia.org/w/api.php?action=query&list=search&srsearch=Dominique+Perrault+Biblioth%C3%A8que+nationale+de+France&srlimit=5&utf8=1&format=json
architectes_majeurs,28,Carlo Scarpa Musée de Castelvecchio,429 Client Error: Too Many Requests for url: https://fr.wikipedia.org/w/api.php?action=query&list=search&srsearch=Carlo+Scarpa+Mus%C3%A9e+de+Castelvecchio&srlimit=5&utf8=1&format=json
grands_scientifiques,9,Albert Einstein portrait,429 Client Error: Too Many Requests for url: https://fr.wikipedia.org/w/api.php?action=query&list=search&srsearch=Albert+Einstein+portrait&srlimit=5&utf8=1&format=json
grands_scientifiques,12,Jane Goodall portrait,429 Client Error: Too Many Requests for url: https://fr.wikipedia.org/w/api.php?action=query&list=search&srsearch=Jane+Goodall+portrait&srlimit=5&utf8=1&format=json
rois_france,32,Henri Ier portrait,429 Client Error: Too Many Requests for url: https://fr.wikipedia.org/w/api.php?action=query&list=search&srsearch=Henri+Ier+portrait&srlimit=5&utf8=1&format=json
compositeurs,9,Giuseppe Verdi portrait,429 Client Error: Too Many Requests for url: https://fr.wikipedia.org/w/api.php?action=query&list=search&srsearch=Giuseppe+Verdi+portrait&srlimit=5&utf8=1&format=json
